Nucleus globosus cerebelli,cocomac:2072,cerebellum globose nucleus,UBERON:0002613,FMA:72536
retrosplenial cortex,cocomac:1933,retrosplenial region,UBERON:0013531,
Nucleus ruber,cocomac:2083,red nucleus,UBERON:0001947,FMA:62407
Insula callejae,cocomac:2197,island of Calleja,UBERON:0001881,FMA:61888
Accessory basal nucleus,cocomac:209,accessory basal amygdaloid nucleus,UBERON:0002885,FMA:61867
amygdala,cocomac:2035,amygdala,UBERON:0001876,FMA:61841
Colliculus superior,cocomac:1392,superior colliculus,UBERON:0001945,FMA:62403
Pretectum,cocomac:460,pretectal region,UBERON:0001944,FMA:62402
Lateral geniculate complex,cocomac:1336,lateral geniculate body,UBERON:0001926,FMA:62209
"Nucleus caudatus; head, medial, dorsal",cocomac:957,caudate nucleus,UBERON:0001873,FMA:61833
Nucleus olivaris superior,cocomac:2095,superior olivary complex,UBERON:0002128,FMA:72247
"Putamen; middle, medial, dorsal",cocomac:972,putamen,UBERON:0001874,FMA:61834
"Nucleus caudatus; genu, intermediate, ventral",cocomac:1134,caudate nucleus,UBERON:0001873,FMA:61833
Posterior paraventricular nucleus thalami,cocomac:1344,posterior paraventricular nucleus of thalamus,UBERON:0000433,FMA:76961
Nucleus reticularis tegmenti pontis,cocomac:2114,reticulotegmental nucleus,UBERON:0002147,FMA:72471
Perirhinal cortex,cocomac:27,perirhinal cortex,UBERON:0006083,
infundibular nucleus,cocomac:1974,arcuate nucleus of hypothalamus,UBERON:0001932,FMA:62329
"Putamen; middle, lateral, ventral",cocomac:970,putamen,UBERON:0001874,FMA:61834
Corpus restiforme,cocomac:2162,inferior cerebellar peduncle,UBERON:0002163,FMA:72615
"Nucleus medialis dorsalis thalami, pars multiformis",cocomac:546,paralaminar part of medial dorsal nucleus,UBERON:0002650,FMA:62160
Gyrus hippocampi,cocomac:2183,parahippocampal gyrus,UBERON:0002973,FMA:61918
amygdaloid complex,cocomac:1251,amygdala,UBERON:0001876,FMA:61841
Inferior parietal cortex,cocomac:1064,inferior parietal cortex,UBERON:0006088,FMA:77536
Stratum album profundum of the superior colliculus,cocomac:1398,deep white layer of superior colliculus,UBERON:0006790,FMA:72416
Nucleus lateralis septi,cocomac:2207,lateral septal nucleus,UBERON:0002667,FMA:61878
Parasubiculum,cocomac:1193,parasubiculum,UBERON:0004683,FMA:77604
anterior amygdaloid area,cocomac:59,anterior amygdaloid area,UBERON:0002890,FMA:61861
substantia nigra,cocomac:1198,substantia nigra,UBERON:0002038,FMA:67947
Prelimbic area,cocomac:278,Brodmann (1909) area 32,UBERON:0013560,FMA:68629
Nucleus fastigii cerebelli,cocomac:2070,fastigial nucleus,UBERON:0002153,FMA:72537
Nucleus ruber magnocellularis,cocomac:1687,magnocellular part of red nucleus,UBERON:0002936,FMA:72431
Middle temporal area,cocomac:43,middle temporal area,UBERON:0004685,
"Putamen; caudal, lateral, central",cocomac:1094,putamen,UBERON:0001874,FMA:61834
Nucleus praetectalis anterior,cocomac:1683,olivary pretectal nucleus,UBERON:0002565,FMA:72405
nucleus reticularis thalami,cocomac:1993,thalamic reticular nucleus,UBERON:0001903,FMA:62026
Superior temporal area,cocomac:1926,Brodmann (1909) area 22,UBERON:0013553,FMA:68619
Nucleus paracentralis thalami,cocomac:232,paracentral nucleus,UBERON:0001924,FMA:62172
Presubiculum,cocomac:20,presubiculum,UBERON:0001953,FMA:62486
lateral nucleus amygdala,cocomac:1042,lateral amygdaloid nucleus,UBERON:0002886,FMA:61866
"Nucleus geniculatus lateralis, pars dorsalis",cocomac:256,dorsal lateral geniculate nucleus,UBERON:0002479,FMA:62214
Nucleus pulvinaris inferior thalami,cocomac:2109,inferior pulvinar nucleus,UBERON:0002982,FMA:62183
Nucleus intermedius corpus mamillaris,cocomac:2209,lateral part of medial mammillary nucleus,UBERON:0002664,FMA:62346
Lateral nucleus of the amygdala,cocomac:1730,lateral amygdaloid nucleus,UBERON:0002886,FMA:61866
Hippocampal formation,cocomac:1281,hippocampal formation,UBERON:0002421,FMA:74038
Corpus geniculatum laterale,cocomac:2184,lateral geniculate body,UBERON:0001926,FMA:62209
Amygdalopiriform transition area,cocomac:477,amygdalopiriform transition area,UBERON:0034989,FMA:77608
"Nucleus caudatus; genu, lateral, dorsal",cocomac:1136,caudate nucleus,UBERON:0001873,FMA:61833
Subiculum,cocomac:2115,subiculum,UBERON:0002191,FMA:74414
Nucleus of the horizontal limb of the diagonal band,cocomac:1940,horizontal limb of the diagonal band,UBERON:0006123,FMA:77611
Nucleus tractus solitarii,cocomac:2090,nucleus of solitary tract,UBERON:0009050,FMA:256691
Fimbria hippocampi,cocomac:2175,hippocampus fimbria,UBERON:0002310,FMA:83866
"Putamen; middle, lateral, central",cocomac:968,putamen,UBERON:0001874,FMA:61834
Proisocortex,cocomac:29,proisocortex,UBERON:0014951,
bed nucleus of the stria terminalis,cocomac:967,bed nucleus of stria terminalis,UBERON:0001880,FMA:61884
Intercalated mass,cocomac:1440,intercalated amygdaloid nuclei,UBERON:0002884,FMA:61868
"Putamen; caudal, medial, central",cocomac:1097,putamen,UBERON:0001874,FMA:61834
Medial preoptic area,cocomac:963,medial preoptic region,UBERON:0007769,
Anterior amygdaloid area,cocomac:1616,anterior amygdaloid area,UBERON:0002890,FMA:61861
"Nucleus ventralis lateralis thalami, pars postrema",cocomac:779,pars postrema of ventral lateral nucleus,UBERON:0002617,FMA:62196
Nucleus parataenialis thalami,cocomac:119,paratenial nucleus,UBERON:0002992,FMA:62151
Nucleus suprachiasmaticus hypothalami,cocomac:2120,suprachiasmatic nucleus,UBERON:0002034,FMA:67883
Laterodorsal nucleus (thalamus),cocomac:113,lateral dorsal nucleus,UBERON:0002984,FMA:62176
Nucleus centralis medialis thalami,cocomac:236,central medial nucleus,UBERON:0001923,FMA:62171
lateral nucleus amygdalae,cocomac:109,lateral amygdaloid nucleus,UBERON:0002886,FMA:61866
Endopiriform nucleus,cocomac:212,endopiriform nucleus,UBERON:0014284,
Nucleus caudatus; genu,cocomac:1131,caudate nucleus,UBERON:0001873,FMA:61833
circular sulcus,cocomac:2046,circular sulcus of insula,UBERON:0002713,FMA:83753
Corpus trapezoideum,cocomac:2164,trapezoid body,UBERON:0002932,FMA:72487
"Substantia nigra, pars diffusa",cocomac:1680,substantia nigra pars reticulata,UBERON:0001966,FMA:62908
Nucleus posterior thalami,cocomac:2098,posterior nucleus of thalamus,UBERON:0003030,FMA:62221
Ventral pallidum,cocomac:1942,ventral pallidum,UBERON:0002778,FMA:77613
pedunculopontine tegmental nucleus,cocomac:1476,pedunculopontine tegmental nucleus,UBERON:0002142,FMA:72429
lateral entorhinal cortex,cocomac:655,lateral entorhinal cortex,UBERON:0007225,
Area pretectalis,cocomac:1393,pretectal region,UBERON:0001944,FMA:62402
Organum subcommissurale,cocomac:2097,subcommissural organ,UBERON:0002139,FMA:72414
Submedial thalamic nucleus,cocomac:1350,submedial nucleus of thalamus,UBERON:0003031,FMA:62223
Primary olfactory cortex,cocomac:523,primary olfactory cortex,UBERON:0022469,
dorsal raphe nucleus,cocomac:1254,dorsal raphe nucleus,UBERON:0002043,FMA:68462
Corpus amygdalae,cocomac:2145,amygdala,UBERON:0001876,FMA:61841
Nucleus cuneatus lateralis,cocomac:2157,accessory cuneate nucleus,UBERON:0002864,FMA:72603
peripeduncular nucleus,cocomac:1475,peripeduncular nucleus,UBERON:0002144,FMA:72437
"Putamen; rostral, intermediate, ventral",cocomac:976,putamen,UBERON:0001874,FMA:61834
Granular insular cortex,cocomac:276,granular insular cortex,UBERON:0034892,
Nucleus paraventricularis thalami,cocomac:115,paraventricular nucleus of thalamus,UBERON:0001920,FMA:62152
lateral part of basal amygdaloid nucleus,cocomac:1444,lateral part of basal amygdaloid nucleus,UBERON:0002888,FMA:68857
"Putamen; middle, intermediate, dorsal",cocomac:965,putamen,UBERON:0001874,FMA:61834
nucleus pulvinaris medialis thalami,cocomac:734,medial pulvinar nucleus,UBERON:0002638,FMA:62182
Vermis (cerebelli),cocomac:2133,cerebellar vermis,UBERON:0004720,FMA:76928
Anterior pulvinar nucleus,cocomac:370,oral pulvinar nucleus,UBERON:0002641,FMA:62180
"Nucleus caudatus; genu, lateral, central",cocomac:1135,caudate nucleus,UBERON:0001873,FMA:61833
"Putamen; rostral, medial, central",cocomac:981,putamen,UBERON:0001874,FMA:61834
Nucleus interstitialis,cocomac:2200,rostral interstitial nucleus of medial longitudinal fasciculus,UBERON:0002717,FMA:72433
retrosplenial granular cortex,cocomac:653,retrosplenial granular cortex,UBERON:0014918,
nucleus ventralis intermedius thalami,cocomac:749,oral part of ventral posterolateral nucleus,UBERON:0003019,FMA:62205
precentral dimple,cocomac:814,superior precentral sulcus,UBERON:0002566,FMA:83763
Nucleus infundibularis hypothalami,cocomac:2199,arcuate nucleus of hypothalamus,UBERON:0001932,FMA:62329
basomedial nucleus amygdalae,cocomac:128,accessory basal amygdaloid nucleus,UBERON:0002885,FMA:61867
Nucleus lateralis posterior thalami,cocomac:470,lateral posterior nucleus of thalamus,UBERON:0002983,FMA:62177
Nucleus subthalamicus,cocomac:2085,subthalamic nucleus,UBERON:0001906,FMA:62035
"Nucleus caudatus; tail, lateral, central",cocomac:1143,caudate nucleus,UBERON:0001873,FMA:61833
Nucleus pulvinaris lateralis thalami,cocomac:770,lateral pulvinar nucleus,UBERON:0002636,FMA:62181
"Nucleus caudatus; head, intermediate, dorsal",cocomac:950,caudate nucleus,UBERON:0001873,FMA:61833
Cingulate gyrus,cocomac:698,cingulate gyrus,UBERON:0002967,FMA:62434
"Corpus geniculatum laterale, pars oralis",cocomac:2185,ventral lateral geniculate nucleus,UBERON:0002480,FMA:62215
Prepiriform cortex,cocomac:2304,prepyriform area,UBERON:0002590,FMA:62484
medial entorhinal cortex,cocomac:658,medial entorhinal cortex,UBERON:0007224,
Nucleus lateralis corpus mamillaris,cocomac:2210,lateral mammillary nucleus,UBERON:0001938,FMA:62341
globus pallidus,cocomac:928,globus pallidus,UBERON:0001875,FMA:61835
parabigeminal nucleus,cocomac:1474,parabigeminal nucleus,UBERON:0002140,FMA:72415
basal amygdaloid nucleus,cocomac:1441,basal amygdaloid nucleus,UBERON:0002887,FMA:68855
"Nucleus caudatus; body, lateral, central",cocomac:986,caudate nucleus,UBERON:0001873,FMA:61833
substantia nigra pars reticulata,cocomac:1200,substantia nigra pars reticulata,UBERON:0001966,FMA:62908
Posterior nucleus of the thalamus,cocomac:372,posterior nucleus of thalamus,UBERON:0003030,FMA:62221
Corpus geniculatum mediale,cocomac:2186,medial geniculate body,UBERON:0001927,FMA:62211
Nucleus anterior medialis thalami,cocomac:765,anteromedial nucleus of thalamus,UBERON:0002681,FMA:62142
Dysgranular insular cortex,cocomac:539,agranular insular cortex,UBERON:0034893,
Nucleus peripeduncularis thalami,cocomac:1682,peripeduncular nucleus,UBERON:0002144,FMA:72437
Nucleus preopticus medianus,cocomac:2105,median preoptic nucleus,UBERON:0002625,FMA:62323
Nucleus intercalatus,cocomac:319,nucleus intercalatus,UBERON:0002876,FMA:72597
Nucleus vestibularis medialis,cocomac:2137,medial vestibular nucleus,UBERON:0001722,FMA:54611
Nucleus paraventricularis anterior thalami,cocomac:1575,anterior paraventricular nucleus of thalamus,UBERON:0000434,FMA:76962
"Nucleus ventralis posterior medialis, pars parvocellularis",cocomac:781,parvicellular part of ventral posteromedial nucleus,UBERON:0003018,FMA:62207
Nucleus paraventricularis thalami,cocomac:2103,paraventricular nucleus of thalamus,UBERON:0001920,FMA:62152
dorsomedial nucleus (hypothalamus),cocomac:1253,dorsomedial nucleus of hypothalamus,UBERON:0001934,FMA:62331
"Nucleus ventralis lateralis thalami, pars medialis",cocomac:777,medial part of ventral lateral nucleus,UBERON:0002614,FMA:62195
Griseum centrale,cocomac:1670,central gray substance of midbrain,UBERON:0003040,FMA:74510
nucleus pulvinaris lateralis thalami,cocomac:731,lateral pulvinar nucleus,UBERON:0002636,FMA:62181
"Substantia nigra, pars compacta",cocomac:1199,substantia nigra pars compacta,UBERON:0001965,FMA:62907
Nucleus intercalatus amygdalae,cocomac:2198,intercalated amygdaloid nuclei,UBERON:0002884,FMA:61868
Nucleus of the posterior commissure,cocomac:676,nucleus of posterior commissure,UBERON:0002711,FMA:68463
Nucleus ambiguus,cocomac:2058,nucleus ambiguus,UBERON:0001719,FMA:54588
"Nucleus caudatus; body, lateral, ventral",cocomac:988,caudate nucleus,UBERON:0001873,FMA:61833
Lateral amygdaloid nucleus,cocomac:1334,lateral amygdaloid nucleus,UBERON:0002886,FMA:61866
"Nucleus caudatus; tail, medial, dorsal",cocomac:961,caudate nucleus,UBERON:0001873,FMA:61833
"Nucleus caudatus; tail, intermediate, central",cocomac:1141,caudate nucleus,UBERON:0001873,FMA:61833
Nucleus habenularis medialis,cocomac:217,medial habenular nucleus,UBERON:0001942,FMA:62373
Medial amygdaloid nucleus,cocomac:1329,medial amygdaloid nucleus,UBERON:0002892,FMA:74046
Central medial nucleus thalami,cocomac:783,central medial nucleus,UBERON:0001923,FMA:62171
Perirhinal cortex,cocomac:1941,perirhinal cortex,UBERON:0006083,
"Nucleus caudatus; head, lateral, dorsal",cocomac:953,caudate nucleus,UBERON:0001873,FMA:61833
Globus pallidus,cocomac:1167,globus pallidus,UBERON:0001875,FMA:61835
dorsal Lateral geniculate nucleus,cocomac:558,dorsal lateral geniculate nucleus,UBERON:0002479,FMA:62214
"Substantia nigra, pars compacta",cocomac:2124,substantia nigra pars compacta,UBERON:0001965,FMA:62907
Subiculum,cocomac:1422,subiculum,UBERON:0002191,FMA:74414
Basolateral nucleus of the amygdala,cocomac:1727,basal amygdaloid nucleus,UBERON:0002887,FMA:68855
inferior colliculus,cocomac:1008,inferior colliculus,UBERON:0001946,FMA:62404
"Nucleus caudatus; genu, medial, dorsal",cocomac:1139,caudate nucleus,UBERON:0001873,FMA:61833
"Nucleus caudatus; body, medial, central",cocomac:946,caudate nucleus,UBERON:0001873,FMA:61833
Hippocampus,cocomac:1515,Ammon's horn,UBERON:0001954,FMA:62493
Superior parietal lobule,cocomac:46,superior parietal cortex,UBERON:0006094,FMA:61899
Cortex insularis,cocomac:2153,insula,UBERON:0002022,FMA:67329
Dysgranular insula,cocomac:275,agranular insular cortex,UBERON:0034893,
"Putamen; caudal, lateral, ventral",cocomac:1096,putamen,UBERON:0001874,FMA:61834
Nucleus centralis lateralis thalami,cocomac:356,central lateral nucleus,UBERON:0003036,FMA:62170
superior temporal gyrus,cocomac:1243,superior temporal gyrus,UBERON:0002769,FMA:61905
"Putamen; caudal, medial, dorsal",cocomac:1098,putamen,UBERON:0001874,FMA:61834
Amygdala,cocomac:11,amygdala,UBERON:0001876,FMA:61841
Nucleus centralis lateralis thalami,cocomac:2150,central lateral nucleus,UBERON:0003036,FMA:62170
Nucleus basalis of Meynert,cocomac:1944,basal nucleus of telencephalon,UBERON:0010010,FMA:61887
Stria medullaris thalami,cocomac:2121,stria medullaris,UBERON:0006086,FMA:62080
central amygdaloid nucleus,cocomac:1432,central amygdaloid nucleus,UBERON:0002883,FMA:74047
Nucleus putamen,cocomac:1598,putamen,UBERON:0001874,FMA:61834
medial septal nucleus,cocomac:1258,medial septal nucleus,UBERON:0001877,FMA:61879
Medial geniculate complex,cocomac:1201,medial geniculate body,UBERON:0001927,FMA:62211
Lateral basal nucleus of the amygdala,cocomac:4,lateral part of basal amygdaloid nucleus,UBERON:0002888,FMA:68857
Nucleus paraventricularis hypothalami,cocomac:1685,paraventricular nucleus of hypothalamus,UBERON:0001930,FMA:62320
Retrosplenial cortex,cocomac:1630,retrosplenial region,UBERON:0013531,
Corpus geniculatum mediale,cocomac:369,medial geniculate body,UBERON:0001927,FMA:62211
Zona incerta,cocomac:1697,zona incerta,UBERON:0001907,FMA:62038
Amygdala,cocomac:989,amygdala,UBERON:0001876,FMA:61841
anterior hypothalamic area,cocomac:1969,anterior nucleus of hypothalamus,UBERON:0002634,FMA:62319
Nucleus anterior hypothalami,cocomac:2158,anterior nucleus of hypothalamus,UBERON:0002634,FMA:62319
"Putamen; rostral, lateral, ventral",cocomac:980,putamen,UBERON:0001874,FMA:61834
Nucleus dentatus cerebelli,cocomac:2066,dentate nucleus,UBERON:0002132,FMA:72260
fornix,cocomac:2034,fornix of brain,UBERON:0000052,FMA:61965FMA:83865
"Putamen; middle, medial, ventral",cocomac:973,putamen,UBERON:0001874,FMA:61834
striatum,cocomac:943,striatum,UBERON:0002435,FMA:77618FMA:83683
Lateral Geniculate Nucleus,cocomac:133,lateral geniculate body,UBERON:0001926,FMA:62209
central amygdaloid nucleus,cocomac:926,central amygdaloid nucleus,UBERON:0002883,FMA:74047
Colliculus superior,cocomac:2163,superior colliculus,UBERON:0001945,FMA:62403
Nucleus filiformis,cocomac:1667,paraventricular nucleus of hypothalamus,UBERON:0001930,FMA:62320
Forel's Field H1,cocomac:1671,ventral thalamic fasciculus,UBERON:0022254,FMA:62065
Thalamus,cocomac:1115,dorsal plus ventral thalamus,UBERON:0001897,
Tectum mesencephali,cocomac:2351,midbrain tectum,UBERON:0002314,FMA:83902
entorhinal cortex,cocomac:1532,entorhinal cortex,UBERON:0002728,FMA:72356
Central nucleus of the amygdala,cocomac:2277,central amygdaloid nucleus,UBERON:0002883,FMA:74047
presubiculum,cocomac:288,presubiculum,UBERON:0001953,FMA:62486
Nucleus parataenialis thalami,cocomac:229,paratenial nucleus,UBERON:0002992,FMA:62151
nucleus paraventricularis anterior thalami,cocomac:728,anterior paraventricular nucleus of thalamus,UBERON:0000434,FMA:76962
Area temporalis superior,cocomac:1749,Brodmann (1909) area 22,UBERON:0013553,FMA:68619
Subiculum,cocomac:21,subiculum,UBERON:0002191,FMA:74414
Nucleus of the lateral olfactory tract,cocomac:1326,nucleus of lateral olfactory tract,UBERON:0002893,FMA:61865
supramammillary nucleus,cocomac:1967,supramammillary nucleus,UBERON:0001940,FMA:62347
Stria olfactoria medialis,cocomac:2128,medial olfactory stria,UBERON:0034734,FMA:77627
Nucleus lateralis thalami,cocomac:219,lateral nuclear group of thalamus,UBERON:0002736,FMA:62174
Nucleus interstitialis of the posterior commissure,cocomac:1675,nucleus of posterior commissure,UBERON:0002711,FMA:68463
Nucleus triangularis septi,cocomac:2131,triangular septal nucleus,UBERON:0002977,FMA:61880
sublentiform nucleus,cocomac:672,sublentiform nucleus,UBERON:0002578,FMA:72404
Nucleus of the pretectal area,cocomac:675,pretectal nucleus,UBERON:0014450,FMA:72401
Secondary somatosensory cortex,cocomac:531,secondary somatosensory cortex,UBERON:0008934,
Medial pulvinar nucleus,cocomac:561,medial pulvinar nucleus,UBERON:0002638,FMA:62182
dorsal hypothalamic area,cocomac:2148,dorsal hypothalamic area,UBERON:0002954,FMA:62339
Temporopolar cortex,cocomac:1593,temporal pole,UBERON:0002576,FMA:74890
Nucleus intercalatus,cocomac:1676,nucleus intercalatus,UBERON:0002876,FMA:72597
amygdalohippocampal area,cocomac:10,amygdalohippocampal area,UBERON:0034673,FMA:77607
Piriform cortex,cocomac:99,piriform cortex,UBERON:0004725,
Entorhinal cortex,cocomac:1487,entorhinal cortex,UBERON:0002728,FMA:72356
lateral geniculate body,cocomac:704,lateral geniculate body,UBERON:0001926,FMA:62209
posterior cingulate cortex,cocomac:1702,posterior cingulate cortex,UBERON:0022353,FMA:271593
"Nucleus caudatus; head, intermediate, central",cocomac:949,caudate nucleus,UBERON:0001873,FMA:61833
Retrosplenial Cortex,cocomac:697,retrosplenial region,UBERON:0013531,
Pretectum,cocomac:1089,pretectal region,UBERON:0001944,FMA:62402
Piriform cortex,cocomac:1279,piriform cortex,UBERON:0004725,
Stria olfactoria lateralis,cocomac:2127,lateral olfactory stria,UBERON:0001888,FMA:61971
Nucleus parafascicularis thalami,cocomac:2349,parafascicular nucleus,UBERON:0001922,FMA:62166
Secondary auditory cortex,cocomac:1054,secondary auditory cortex,UBERON:0034752,
nucleus pulvinaris inferior thalami,cocomac:730,inferior pulvinar nucleus,UBERON:0002982,FMA:62183
anterior amygdaloid area,cocomac:1430,anterior amygdaloid area,UBERON:0002890,FMA:61861
prosubiculum,cocomac:1418,Prosubiculum,MBA:484682470,
Secondary visual cortex,cocomac:1984,secondary visual cortex,UBERON:0022232,
Nucleus basalis (Meynert),cocomac:2142,basal nucleus of telencephalon,UBERON:0010010,FMA:61887
regio superior (hippocampus),cocomac:122,CA1 field of hippocampus,UBERON:0003881,FMA:74042
substantia innominata,cocomac:32,substantia innominata,UBERON:0003017,FMA:61885
Corpus mamillaris,cocomac:2155,mammillary body,UBERON:0002206,FMA:74877
Nucleus lentiformis thalami,cocomac:223,nucleus lentiformis thalamus,UBERON:0035583,
nucleus limitans thalami,cocomac:718,limitans nucleus,UBERON:0003026,FMA:62220
nucleus lateralis posterior thalami,cocomac:713,lateral posterior nucleus of thalamus,UBERON:0002983,FMA:62177
Nucleus supraopticus hypothalami,cocomac:2126,supraoptic nucleus,UBERON:0001929,FMA:62317
Periamygdaloid cortex,cocomac:7,periamygdaloid cortex,UBERON:0014537,
Retrosplenial cortex,cocomac:2297,retrosplenial region,UBERON:0013531,
Dorsal lateral geniculate nucleus,cocomac:467,dorsal lateral geniculate nucleus,UBERON:0002479,FMA:62214
Nucleus gracilis,cocomac:2181,gracile nucleus,UBERON:0002161,FMA:72602
Parietal operculum,cocomac:440,parietal operculum,UBERON:0002911,FMA:74889
basal forebrain,cocomac:1929,basal forebrain,UBERON:0002743,FMA:77700
Stria terminalis,cocomac:925,stria terminalis,UBERON:0003029,FMA:61974
"Nucleus caudatus; tail, intermediate, ventral",cocomac:1142,caudate nucleus,UBERON:0001873,FMA:61833
"Putamen; caudal, intermediate, dorsal",cocomac:1092,putamen,UBERON:0001874,FMA:61834
Central gray,cocomac:661,central gray substance of midbrain,UBERON:0003040,FMA:74510
Hippocampus,cocomac:17,Ammon's horn,UBERON:0001954,FMA:62493
Nucleus anterodorsalis thalami,cocomac:213,anterodorsal nucleus of thalamus,UBERON:0002679,FMA:62141
"central nucleus, amygdala",cocomac:108,central amygdaloid nucleus,UBERON:0002883,FMA:74047
central nucleus of the inferior colliculus,cocomac:1009,central nucleus of inferior colliculus,UBERON:0002563,FMA:72413
Parasubiculum,cocomac:26,parasubiculum,UBERON:0004683,FMA:77604
Presubiculum,cocomac:582,presubiculum,UBERON:0001953,FMA:62486
Amygdalo-hippocampal area,cocomac:1288,amygdalohippocampal area,UBERON:0034673,FMA:77607
Nucleus trapezoidalis,cocomac:2064,nucleus of trapezoid body,UBERON:0007633,FMA:84023
central nucleus of the amygdala,cocomac:12,central amygdaloid nucleus,UBERON:0002883,FMA:74047
Putamen,cocomac:210,putamen,UBERON:0001874,FMA:61834
Nucleus of the vertical limb of the diagonal band,cocomac:1945,vertical limb of the diagonal band,UBERON:0006124,FMA:77612
Nucleus habenularis medialis,cocomac:1056,medial habenular nucleus,UBERON:0001942,FMA:62373
Lateral nucleus of the amygdala,cocomac:647,lateral amygdaloid nucleus,UBERON:0002886,FMA:61866
Nucleus pulvinaris thalami,cocomac:141,pulvinar nucleus,UBERON:0002981,FMA:62178
Nucleus limitans thalami,cocomac:575,limitans nucleus,UBERON:0003026,FMA:62220
basolateral nucleus (amygdala),cocomac:127,basal amygdaloid nucleus,UBERON:0002887,FMA:68855
Area preoptica lateralis,cocomac:2065,lateral preoptic nucleus,UBERON:0001931,FMA:62326
Nucleus submedius thalami,cocomac:2350,submedial nucleus of thalamus,UBERON:0003031,FMA:62223
Entorhinal cortex,cocomac:1150,entorhinal cortex,UBERON:0002728,FMA:72356
Nucleus tegmenti ventralis,cocomac:2091,ventral tegmental nucleus,UBERON:0002438,FMA:72435
intraparietal sulcus,cocomac:2043,intraparietal sulcus,UBERON:0002913,FMA:83772
nucleus anterodorsalis thalami,cocomac:737,anterodorsal nucleus of thalamus,UBERON:0002679,FMA:62141
Organum subfornicale,cocomac:2116,subfornical organ,UBERON:0002219,FMA:75260
periamygdaloid cortex,cocomac:81,periamygdaloid cortex,UBERON:0014537,
Intralaminar nuclei of the thalamus,cocomac:543,intralaminar nuclear group,UBERON:0002733,FMA:62021
Insula,cocomac:1216,insula,UBERON:0002022,FMA:67329
infundibulum,cocomac:1975,pituitary stalk,UBERON:0002434,FMA:74635
Nucleus cochlearis ventralis,cocomac:2165,dorsal longitudinal fasciculus,UBERON:0003045,FMA:83845
cerebral peduncle,cocomac:941,cerebral peduncle,UBERON:0002623,FMA:62394
Nucleus cochlearis dorsalis,cocomac:2146,dorsal cochlear nucleus,UBERON:0002829,FMA:54624
"Central nucleus of the amygdala; medial, magnocellular division",cocomac:13,central amygdaloid nucleus,UBERON:0002883,FMA:74047
Perirhinal cortex,cocomac:1934,perirhinal cortex,UBERON:0006083,
Striate cortex,cocomac:436,primary visual cortex,UBERON:0002436,FMA:236871FMA:68614
Nucleus reticularis thalami,cocomac:142,thalamic reticular nucleus,UBERON:0001903,FMA:62026
Superior parietal cortex,cocomac:1067,superior parietal cortex,UBERON:0006094,FMA:61899
perirhinal cortex,cocomac:1533,perirhinal cortex,UBERON:0006083,
Locus coeruleus,cocomac:2202,locus ceruleus,UBERON:0002148,FMA:72478
Nucleus reuniens thalami,cocomac:120,reuniens nucleus,UBERON:0001921,FMA:62153
nucleus of the optic tract,cocomac:674,nucleus of optic tract,UBERON:0002996,FMA:72403
endopiriform nucleus,cocomac:69,endopiriform nucleus,UBERON:0014284,
"Nucleus caudatus; body, intermediate, dorsal",cocomac:984,caudate nucleus,UBERON:0001873,FMA:61833
Nucleus paracentralis thalami,cocomac:550,paracentral nucleus,UBERON:0001924,FMA:62172
Cornu ammonis,cocomac:130,Ammon's horn,UBERON:0001954,FMA:62493
medial parabrachial nucleus,cocomac:2100,medial parabrachial nucleus,UBERON:0002918,FMA:72480
Medial nucleus of the amygdala,cocomac:1731,medial amygdaloid nucleus,UBERON:0002892,FMA:74046
Nucleus cuneatus,cocomac:2156,cuneate nucleus,UBERON:0002045,FMA:68465
Nucleus paraventricularis posterior thalami,cocomac:1576,posterior paraventricular nucleus of thalamus,UBERON:0000433,FMA:76961
posterior hypothalamic area,cocomac:2055,posterior nucleus of hypothalamus,UBERON:0002706,FMA:62350
Nucleus of the lateral olfactory tract,cocomac:77,nucleus of lateral olfactory tract,UBERON:0002893,FMA:61865
Nucleus centralis lateralis thalami,cocomac:247,central lateral nucleus,UBERON:0003036,FMA:62170
presubiculum,cocomac:808,presubiculum,UBERON:0001953,FMA:62486
Nucleus subthalamicus,cocomac:1693,subthalamic nucleus,UBERON:0001906,FMA:62035
Basomedial nucleus of the amygdala,cocomac:1728,accessory basal amygdaloid nucleus,UBERON:0002885,FMA:61867
Putamen,cocomac:101,putamen,UBERON:0001874,FMA:61834
Nucleus medialis amygdalae,cocomac:2208,medial amygdaloid nucleus,UBERON:0002892,FMA:74046
habenular nuclei,cocomac:1503,habenular nucleus,UBERON:0008993,
"Nucleus caudatus; head, medial, ventral",cocomac:958,caudate nucleus,UBERON:0001873,FMA:61833
Nucleus medialis dorsalis thalami,cocomac:114,medial dorsal nucleus of thalamus,UBERON:0002739,FMA:62156
"Nucleus caudatus; genu, intermediate, dorsal",cocomac:1133,caudate nucleus,UBERON:0001873,FMA:61833
Nucleus paraventricularis posterior thalami,cocomac:231,posterior paraventricular nucleus of thalamus,UBERON:0000433,FMA:76961
"Nucleus caudatus; tail, lateral, dorsal",cocomac:1144,caudate nucleus,UBERON:0001873,FMA:61833
Nucleus pulvinaris oralis thalami,cocomac:2112,oral pulvinar nucleus,UBERON:0002641,FMA:62180
Nucleus limitans thalami,cocomac:2206,limitans nucleus,UBERON:0003026,FMA:62220
Putamen,cocomac:1590,putamen,UBERON:0001874,FMA:61834
cortical amygdaloid nucleus,cocomac:1433,cortical amygdaloid nucleus,UBERON:0002891,FMA:61862
Midline nuclei of the thalamus,cocomac:110,midline nuclear group,UBERON:0002705,FMA:62020
Corpus geniculatum laterale,cocomac:2269,lateral geniculate body,UBERON:0001926,FMA:62209
Nucleus submedius thalami,cocomac:2123,submedial nucleus of thalamus,UBERON:0003031,FMA:62223
Insular cortex,cocomac:1588,insular cortex,UBERON:0034891,FMA:242223
Retrosplenial cortex,cocomac:807,retrosplenial region,UBERON:0013531,
"Nucleus caudatus; head, intermediate, ventral",cocomac:951,caudate nucleus,UBERON:0001873,FMA:61833
"Nucleus caudatus; body, lateral, dorsal",cocomac:987,caudate nucleus,UBERON:0001873,FMA:61833
Nucleus ventralis posterior,cocomac:1128,ventral posterior nucleus of thalamus,UBERON:0002596,FMA:62187
Deep cerebellar nuclei,cocomac:2166,cerebellar nuclear complex,UBERON:0002130,FMA:72249
nucleus paracentralis thalami,cocomac:723,paracentral nucleus,UBERON:0001924,FMA:62172
Parasubiculum,cocomac:455,parasubiculum,UBERON:0004683,FMA:77604
Nucleus centralis lateralis thalami,cocomac:2149,central lateral nucleus,UBERON:0003036,FMA:62170
"Nucleus caudatus; tail, medial, ventral",cocomac:962,caudate nucleus,UBERON:0001873,FMA:61833
Nucleus habenularis medialis epithalami,cocomac:2196,medial habenular nucleus,UBERON:0001942,FMA:62373
Nucleus reuniens thalami,cocomac:1928,reuniens nucleus,UBERON:0001921,FMA:62153
Putamen; caudal,cocomac:1090,putamen,UBERON:0001874,FMA:61834
Nucleus olivaris inferior,cocomac:2092,inferior olivary complex,UBERON:0002127,FMA:72243
Griseum periventriculare mesencephali,cocomac:2190,central gray substance of midbrain,UBERON:0003040,FMA:74510
Piriform cortex,cocomac:153,piriform cortex,UBERON:0004725,
Area Prostriata,cocomac:1629,Area prostriata,MBA:484682508,
anterior cortical nucleus,cocomac:471,anterior amygdaloid area,UBERON:0002890,FMA:61861
Primary auditory cortex,cocomac:131,primary auditory cortex,UBERON:0034751,FMA:272953
Nucleus geniculatus medialis,cocomac:258,medial geniculate body,UBERON:0001927,FMA:62211
nucleus anteromedialis thalami,cocomac:747,anteromedial nucleus of thalamus,UBERON:0002681,FMA:62142
Hypothalamus,cocomac:1619,hypothalamus,UBERON:0001898,FMA:62008
Nucleus pulvinaris inferior thalami,cocomac:149,inferior pulvinar nucleus,UBERON:0002982,FMA:62183
presubiculum,cocomac:1415,presubiculum,UBERON:0001953,FMA:62486
Nucleus ventralis posterior lateralis thalami,cocomac:2138,ventral posterolateral nucleus,UBERON:0002942,FMA:62200
"Putamen; caudal, intermediate, ventral",cocomac:1093,putamen,UBERON:0001874,FMA:61834
Stratum griseum profundum of the superior colliculus,cocomac:1400,deep gray layer of superior colliculus,UBERON:0006789,FMA:72410
"Putamen; rostral, medial, dorsal",cocomac:982,putamen,UBERON:0001874,FMA:61834
Nucleus striae terminalis,cocomac:2084,bed nucleus of stria terminalis,UBERON:0001880,FMA:61884
"lateral nucleus, amygdala",cocomac:3,lateral amygdaloid nucleus,UBERON:0002886,FMA:61866
Dysgranular insula,cocomac:884,agranular insular cortex,UBERON:0034893,
Parabigeminal nucleus,cocomac:678,parabigeminal nucleus,UBERON:0002140,FMA:72415
Basal nucleus of Meynert,cocomac:269,basal nucleus of telencephalon,UBERON:0010010,FMA:61887
Accessory basal nucleus of the amygdala,cocomac:1726,accessory basal amygdaloid nucleus,UBERON:0002885,FMA:61867
Formatio reticularis pontis,cocomac:2178,pontine reticular formation,UBERON:0002573,FMA:68876
Nucleus centralis superior lateralis thalami,cocomac:542,central dorsal nucleus of thalamus,UBERON:0003034,FMA:62169
dentate gyrus,cocomac:192,dentate gyrus of hippocampal formation,UBERON:0001885,FMA:61922
Tuberculum olfactorium,cocomac:1696,olfactory tubercle,UBERON:0001883,
Nucleus fasciculi diagonalis Brocae,cocomac:2071,nucleus of diagonal band,UBERON:0001879,FMA:61882
Nucleus pallidus,cocomac:1681,globus pallidus,UBERON:0001875,FMA:61835
Nucleus caudatus; body,cocomac:1129,caudate nucleus,UBERON:0001873,FMA:61833
Nucleus anterior dorsalis thalami,cocomac:540,anterodorsal nucleus of thalamus,UBERON:0002679,FMA:62141
Nucleus prepositus,cocomac:2106,nucleus prepositus,UBERON:0002160,FMA:72596
Nucleus reticularis thalami,cocomac:1104,thalamic reticular nucleus,UBERON:0001903,FMA:62026
Nucleus habenularis lateralis,cocomac:216,lateral habenular nucleus,UBERON:0001941,FMA:62372
Nucleus Darkschewitsch,cocomac:2067,ventral nucleus of posterior commissure,UBERON:0002044,FMA:68464
Agranular insular cortex,cocomac:881,agranular insular cortex,UBERON:0034893,
Nucleus pulvinaris lateralis thalami,cocomac:2110,lateral pulvinar nucleus,UBERON:0002636,FMA:62181
prosubiculum,cocomac:28,Prosubiculum,MBA:484682470,
Prefrontal Cortex,cocomac:1069,prefrontal cortex,UBERON:0000451,FMA:224850
Anterior cingulate cortex,cocomac:162,anterior cingulate cortex,UBERON:0009835,FMA:271599
lateral hypothalamic region,cocomac:1257,lateral hypothalamic area,UBERON:0002430,FMA:62030
Nucleus subfascicularis,cocomac:1704,subfascicular nucleus,UBERON:0002959,FMA:62155
Premotor cortex,cocomac:902,premotor cortex,UBERON:0016634,FMA:224852
Nucleus commissurae anterioris,cocomac:2061,nucleus of anterior commissure,UBERON:0002933,FMA:61883
Inferior pulvinar nucleus,cocomac:567,inferior pulvinar nucleus,UBERON:0002982,FMA:62183
Nucleus ventralis intermedius,cocomac:2352,ventral lateral nucleus of thalamus,UBERON:0001925,FMA:62186
Nucleus parataenialis thalami,cocomac:2348,paratenial nucleus,UBERON:0002992,FMA:62151
Nucleus supraopticus hypothalami,cocomac:641,supraoptic nucleus,UBERON:0001929,FMA:62317
lateral mammillary nucleus,cocomac:2307,lateral mammillary nucleus,UBERON:0001938,FMA:62341
Nucleus pulvinaris inferior thalami,cocomac:769,inferior pulvinar nucleus,UBERON:0002982,FMA:62183
"Nucleus caudatus; head, medial, central",cocomac:955,caudate nucleus,UBERON:0001873,FMA:61833
nucleus subthalamicus,cocomac:740,subthalamic nucleus,UBERON:0001906,FMA:62035
Subiculum,cocomac:654,subiculum,UBERON:0002191,FMA:74414
superior longitudinal fasciculus,cocomac:1906,superior longitudinal fasciculus,UBERON:0022246,FMA:77631
Nucleus pulvinaris medialis thalami,cocomac:771,medial pulvinar nucleus,UBERON:0002638,FMA:62182
ventral anterior nucleus (thalamus),cocomac:123,ventral anterior nucleus of thalamus,UBERON:0002637,FMA:62184
basal amygdaloid nucleus,cocomac:102,basal amygdaloid nucleus,UBERON:0002887,FMA:68855
"Nucleus caudatus; genu, intermediate, central",cocomac:1132,caudate nucleus,UBERON:0001873,FMA:61833
Putamen; rostral,cocomac:1102,putamen,UBERON:0001874,FMA:61834
Superior temporal sulcus,cocomac:631,superior temporal sulcus,UBERON:0002734,FMA:83783
lateral pallidum,cocomac:1006,lateral globus pallidus,UBERON:0002476,FMA:61839
nucleus centralis medialis thalami,cocomac:759,central medial nucleus,UBERON:0001923,FMA:62171
"Nucleus caudatus; body, medial, dorsal",cocomac:947,caudate nucleus,UBERON:0001873,FMA:61833
Claustrum,cocomac:1514,claustrum of brain,UBERON:0002023,FMA:67440
ventral cortical nucleus,cocomac:473,cortical amygdaloid nucleus,UBERON:0002891,FMA:61862
Pyriform cortex,cocomac:1323,piriform cortex,UBERON:0004725,
Entorhinal cortex,cocomac:194,entorhinal cortex,UBERON:0002728,FMA:72356
Nucleus rhomboidalis thalami,cocomac:241,rhomboidal nucleus,UBERON:0002955,FMA:62154
"Nucleus geniculatus medialis, pars magnocellularis",cocomac:259,magnocellular nucleus of medial geniculate body,UBERON:0002759,FMA:62218
Corpus subthalamicum,cocomac:1509,subthalamic nucleus,UBERON:0001906,FMA:62035
Stratum griseum superficiale of the superior colliculus,cocomac:2293,superior colliculus superficial gray layer,UBERON:0006120,FMA:72407
Nucleus lemnisci lateralis,cocomac:2076,nucleus of lateral lemniscus,UBERON:0006840,FMA:84025
Centrum medianum thalami,cocomac:2154,centromedian nucleus of thalamus,UBERON:0002972,FMA:62165
Primary motor area,cocomac:813,primary motor cortex,UBERON:0001384,FMA:224854
"Nucleus caudatus; genu, medial, central",cocomac:1138,caudate nucleus,UBERON:0001873,FMA:61833
Posterior cingulate cortex,cocomac:435,posterior cingulate cortex,UBERON:0022353,FMA:271593
"Nucleus caudatus; body, medial, ventral",cocomac:948,caudate nucleus,UBERON:0001873,FMA:61833
Secondary auditory cortex,cocomac:1595,secondary auditory cortex,UBERON:0034752,
Entorhinal cortex,cocomac:16,entorhinal cortex,UBERON:0002728,FMA:72356
Nucleus Centrum Medianum,cocomac:225,centromedian nucleus of thalamus,UBERON:0002972,FMA:62165
"Putamen; middle, intermediate, ventral",cocomac:966,putamen,UBERON:0001874,FMA:61834
Nucleus pulvinaris lateralis thalami,cocomac:137,lateral pulvinar nucleus,UBERON:0002636,FMA:62181
nucleus anteroventralis thalami,cocomac:757,anteroventral nucleus of thalamus,UBERON:0002685,FMA:62143
Nucleus pulvinaris oralis thalami,cocomac:772,oral pulvinar nucleus,UBERON:0002641,FMA:62180
Formatio reticularis myelencephali,cocomac:2177,medullary reticular formation,UBERON:0002559,FMA:72241
Anterior nuclei of the thalamus,cocomac:125,anterior nuclear group,UBERON:0002788,FMA:62019
"Nucleus caudatus; genu, medial, ventral",cocomac:1140,caudate nucleus,UBERON:0001873,FMA:61833
Nucleus paraventricularis anterior thalami,cocomac:230,anterior paraventricular nucleus of thalamus,UBERON:0000434,FMA:76962
fascia dentata,cocomac:1417,dentate gyrus of hippocampal formation,UBERON:0001885,FMA:61922
Forel's Field H2,cocomac:1672,lenticular fasciculus,UBERON:0014529,FMA:61976FMA:62067
Nucleus posterior thalami,cocomac:1982,posterior nucleus of thalamus,UBERON:0003030,FMA:62221
Nucleus centralis superior,cocomac:2063,median raphe nucleus,UBERON:0003004,FMA:72465
Primary somatosensory cortex,cocomac:530,primary somatosensory cortex,UBERON:0008933,
Stratum album intermediale of the superior colliculus,cocomac:1397,middle white layer of superior colliculus,UBERON:0006787,FMA:71113
Dysgranular insula,cocomac:1938,agranular insular cortex,UBERON:0034893,
Nucleus accumbens,cocomac:2054,nucleus accumbens,UBERON:0001882,FMA:61889
"Putamen; middle, intermediate, central",cocomac:964,putamen,UBERON:0001874,FMA:61834
Nucleus anterior thalami,cocomac:214,anterior nuclear group,UBERON:0002788,FMA:62019
Putamen; middle,cocomac:1100,putamen,UBERON:0001874,FMA:61834
"Nucleus caudatus; tail, medial, central",cocomac:960,caudate nucleus,UBERON:0001873,FMA:61833
Nucleus habenularis lateralis epithalami,cocomac:2194,lateral habenular nucleus,UBERON:0001941,FMA:62372
Pregeniculate Nucleus,cocomac:1014,ventral lateral geniculate nucleus,UBERON:0002480,FMA:62215
Nucleus ventralis posterior medialis thalami,cocomac:366,ventral posteromedial nucleus of thalamus,UBERON:0002945,FMA:62202
Area prostriata,cocomac:1628,Area prostriata,MBA:484682508,
"Nucleus caudatus; tail, intermediate, dorsal",cocomac:959,caudate nucleus,UBERON:0001873,FMA:61833
nucleus reticularis thalami,cocomac:240,thalamic reticular nucleus,UBERON:0001903,FMA:62026
Principal Sulcus,cocomac:1529,principal sulcus,UBERON:0025903,
Periamygdaloid cortex,cocomac:2356,periamygdaloid cortex,UBERON:0014537,
Prosubiculum,cocomac:300,Prosubiculum,MBA:484682470,
Nuclei arcuati,cocomac:2059,arcuate nucleus of medulla,UBERON:0002865,FMA:72609
nucleus parafascicularis thalami,cocomac:724,parafascicular nucleus,UBERON:0001922,FMA:62166
Nucleus pulvinaris lateralis thalami,cocomac:1564,lateral pulvinar nucleus,UBERON:0002636,FMA:62181
subthalamic nucleus,cocomac:940,subthalamic nucleus,UBERON:0001906,FMA:62035
Supplementary motor area,cocomac:386,supplemental motor cortex,UBERON:0016636,FMA:224858
Substantia reticularis mesencephali,cocomac:1689,midbrain reticular formation,UBERON:0002639,FMA:62406
Nucleus caudatus; tail,cocomac:1005,caudate nucleus,UBERON:0001873,FMA:61833
Nucleus ruber parvocellularis,cocomac:1688,parvocellular part of red nucleus,UBERON:0002938,FMA:72430
Basolateral nucleus of amygdala,cocomac:107,basal amygdaloid nucleus,UBERON:0002887,FMA:68855
Nucleus pulvinaris inferior thalami,cocomac:1563,inferior pulvinar nucleus,UBERON:0002982,FMA:62183
Subparafascicular nucleus thalami,cocomac:1351,subparafascicular nucleus,UBERON:0016641,FMA:226239
"Putamen; middle, lateral, dorsal",cocomac:969,putamen,UBERON:0001874,FMA:61834
anterior amygdaloid area,cocomac:1,anterior amygdaloid area,UBERON:0002890,FMA:61861
Nucleus centralis amygdalae,cocomac:2147,central amygdaloid nucleus,UBERON:0002883,FMA:74047
periaqueductal gray,cocomac:1260,central gray substance of midbrain,UBERON:0003040,FMA:74510
striate cortex,cocomac:464,primary visual cortex,UBERON:0002436,FMA:236871FMA:68614
Stratum griseum intermediale of the superior colliculus,cocomac:2292,middle gray layer of superior colliculus,UBERON:0006788,FMA:72409
perifornical nucleus,cocomac:1966,perifornical nucleus,UBERON:0002274,FMA:77688
Premotor cortex,cocomac:1084,premotor cortex,UBERON:0016634,FMA:224852
Gyrus cinguli anterior,cocomac:1105,anterior cingulate gyrus,UBERON:0002756,FMA:61916
"Globus pallidus, lamina medullaris interna",cocomac:2205,medial medullary lamina of globus pallidus,UBERON:0002727,FMA:62470
Gyrus cinguli posterior,cocomac:1106,posterior cingulate gyrus,UBERON:0002740,FMA:61924
Auditory Area,cocomac:1394,auditory cortex,UBERON:0001393,FMA:226221
Anterior olfactory nucleus,cocomac:536,anterior olfactory nucleus,UBERON:0002266,FMA:77628
Superior colliculus,cocomac:463,superior colliculus,UBERON:0001945,FMA:62403
"Nucleus caudatus; head, lateral, ventral",cocomac:954,caudate nucleus,UBERON:0001873,FMA:61833
Nucleus basalis medialis amygdalae,cocomac:2143,medial part of basal amygdaloid nucleus,UBERON:0002889,FMA:68858
Hippocampal formation,cocomac:112,hippocampal formation,UBERON:0002421,FMA:74038
Nucleus peripeduncularis thalami,cocomac:2101,peripeduncular nucleus,UBERON:0002144,FMA:72437
Secondary somatosensory cortex,cocomac:1935,secondary somatosensory cortex,UBERON:0008934,
retrosplenial cortex,cocomac:2219,retrosplenial region,UBERON:0013531,
Supplementary motor area,cocomac:315,supplemental motor cortex,UBERON:0016636,FMA:224858
Nucleus dorsalis tegmenti,cocomac:2168,dorsal tegmental nucleus,UBERON:0002143,FMA:72434
Primary motor cortex,cocomac:915,primary motor cortex,UBERON:0001384,FMA:224854
Hypothalamus,cocomac:1614,hypothalamus,UBERON:0001898,FMA:62008
parasubiculum,cocomac:1414,parasubiculum,UBERON:0004683,FMA:77604
Nucleus caudatus; head,cocomac:1004,caudate nucleus,UBERON:0001873,FMA:61833
lateral parabrachial nucleus,cocomac:2099,lateral parabrachial nucleus,UBERON:0003007,FMA:72481
Nucleus pulvinaris inferior thalami,cocomac:2354,inferior pulvinar nucleus,UBERON:0002982,FMA:62183
Nucleus vestibularis lateralis,cocomac:2135,lateral vestibular nucleus,UBERON:0007230,FMA:54614
Substantia gelatinosa spinalis,cocomac:2118,spinal cord gray commissure,UBERON:0004677,FMA:68871FMA:77036
Colliculus inferior,cocomac:2152,inferior colliculus,UBERON:0001946,FMA:62404
Intercalated amygdaloid nucleus,cocomac:71,intercalated amygdaloid nuclei,UBERON:0002884,FMA:61868
area prostriata,cocomac:1191,Area prostriata,MBA:484682508,
Medial geniculate nucleus,cocomac:576,medial geniculate body,UBERON:0001927,FMA:62211
Granular insula,cocomac:1939,granular insular cortex,UBERON:0034892,
Central amygdaloid nucleus,cocomac:1327,central amygdaloid nucleus,UBERON:0002883,FMA:74047
dorsal tegmental nucleus,cocomac:1255,dorsal tegmental nucleus,UBERON:0002143,FMA:72434
Nucleus vestibularis inferior,cocomac:2134,inferior vestibular nucleus,UBERON:0001721,FMA:54608
Tuber cinereum,cocomac:2130,tuber cinereum,UBERON:0002620,FMA:62327
Nucleus habenulae,cocomac:2353,habenular nucleus,UBERON:0008993,
nucleus reticularis thalami,cocomac:1270,thalamic reticular nucleus,UBERON:0001903,FMA:62026
"Nucleus caudatus; body, intermediate, central",cocomac:978,caudate nucleus,UBERON:0001873,FMA:61833
Supplementary motor area,cocomac:1489,supplemental motor cortex,UBERON:0016636,FMA:224858
Nucleus caudatus,cocomac:1684,caudate nucleus,UBERON:0001873,FMA:61833
"Putamen; rostral, lateral, central",cocomac:977,putamen,UBERON:0001874,FMA:61834
nucleus medialis dorsalis thalami,cocomac:719,medial dorsal nucleus of thalamus,UBERON:0002739,FMA:62156
Claustrum,cocomac:271,claustrum of brain,UBERON:0002023,FMA:67440
nucleus lateralis dorsalis thalami,cocomac:712,lateral dorsal nucleus,UBERON:0002984,FMA:62176
"Putamen; middle, medial, central",cocomac:971,putamen,UBERON:0001874,FMA:61834
Nucleus peripeduncularis thalami,cocomac:1507,peripeduncular nucleus,UBERON:0002144,FMA:72437
"Putamen; rostral, medial, ventral",cocomac:983,putamen,UBERON:0001874,FMA:61834
Granular insular cortex,cocomac:885,granular insular cortex,UBERON:0034892,
Gustatory cortex,cocomac:1818,agranular insular cortex,UBERON:0034893,
substantia nigra pars compacta,cocomac:1678,substantia nigra pars compacta,UBERON:0001965,FMA:62907
Indusium griseum,cocomac:1737,induseum griseum,UBERON:0015793,FMA:62488
"Nucleus caudatus; tail, lateral, ventral",cocomac:1146,caudate nucleus,UBERON:0001873,FMA:61833
"Nucleus caudatus; head, lateral, central",cocomac:952,caudate nucleus,UBERON:0001873,FMA:61833
ventral lateral nucleus (thalamus),cocomac:124,ventral lateral nucleus of thalamus,UBERON:0001925,FMA:62186
"Putamen; caudal, medial, ventral",cocomac:1099,putamen,UBERON:0001874,FMA:61834
Nucleus vestibularis superior,cocomac:2141,superior vestibular nucleus,UBERON:0007227,FMA:54617
cingulum bundle,cocomac:1623,cingulum of brain,UBERON:0003961,FMA:83869FMA:260761
medial part of basal amygdaloid nucleus,cocomac:1445,medial part of basal amygdaloid nucleus,UBERON:0002889,FMA:68858
Nucleus parafascicularis thalami,cocomac:118,parafascicular nucleus,UBERON:0001922,FMA:62166
Nucleus reticularis parvocellularis,cocomac:2179,parvocellular reticular nucleus,UBERON:0016633,FMA:72575
"Putamen; rostral, lateral, dorsal",cocomac:979,putamen,UBERON:0001874,FMA:61834
Medial basal nucleus of the amygdala,cocomac:5,medial part of basal amygdaloid nucleus,UBERON:0002889,FMA:68858
Stratum griseum superficiale of the superior colliculus,cocomac:640,superior colliculus superficial gray layer,UBERON:0006120,FMA:72407
Area lateralis hypothalami,cocomac:2167,lateral hypothalamic area,UBERON:0002430,FMA:62030
"Nucleus geniculatus lateralis, pars ventralis",cocomac:257,ventral lateral geniculate nucleus,UBERON:0002480,FMA:62215
Nucleus ventralis lateralis thalami,cocomac:2136,ventral lateral nucleus of thalamus,UBERON:0001925,FMA:62186
Insula,cocomac:1057,insula,UBERON:0002022,FMA:67329
Dorsolateral prefrontal cortex,cocomac:1072,dorsolateral prefrontal cortex,UBERON:0009834,FMA:276189
nucleus ventralis posterolateralis thalami,cocomac:751,ventral posterolateral nucleus,UBERON:0002942,FMA:62200
"Nucleus centralis medialis, thalami",cocomac:2346,central medial nucleus,UBERON:0001923,FMA:62171
Superior colliculus,cocomac:1948,superior colliculus,UBERON:0001945,FMA:62403
Cingulate cortex,cocomac:2268,cingulate cortex,UBERON:0003027,
"medial nucleus, amygdala",cocomac:163,medial amygdaloid nucleus,UBERON:0002892,FMA:74046
Claustrum,cocomac:572,claustrum of brain,UBERON:0002023,FMA:67440
"Globus pallidus, lamina medullaris externa",cocomac:2204,lateral medullary lamina of globus pallidus,UBERON:0002765,FMA:62469
Nucleus pulvinaris medialis thalami,cocomac:140,medial pulvinar nucleus,UBERON:0002638,FMA:62182
Hippocampus,cocomac:70,Ammon's horn,UBERON:0001954,FMA:62493
magnocellular medial geniculate nucleus,cocomac:1549,magnocellular nucleus of medial geniculate body,UBERON:0002759,FMA:62218
Somatosensory area,cocomac:1905,somatosensory cortex,UBERON:0008930,FMA:242642
lateral nucleus amygdalae,cocomac:35,lateral amygdaloid nucleus,UBERON:0002886,FMA:61866
Nucleus limitans thalami,cocomac:559,limitans nucleus,UBERON:0003026,FMA:62220
Nucleus tuberis hypothalami,cocomac:1695,lateral tuberal nucleus,UBERON:0000435,FMA:62336
Nucleus anterior medialis thalami,cocomac:117,anteromedial nucleus of thalamus,UBERON:0002681,FMA:62142
Olfactory bulb,cocomac:1599,olfactory bulb,UBERON:0002264,FMA:77624
Corpus pontobulbare,cocomac:2159,pontobulbar nucleus,UBERON:0002880,FMA:72608
accessory basal nucleus (amygdala),cocomac:2,accessory basal amygdaloid nucleus,UBERON:0002885,FMA:61867
lateral amygdaloid nucleus,cocomac:1436,lateral amygdaloid nucleus,UBERON:0002886,FMA:61866
prepiriform cortex,cocomac:31,prepyriform area,UBERON:0002590,FMA:62484
"Putamen; rostral, intermediate, central",cocomac:974,putamen,UBERON:0001874,FMA:61834
Nucleus caudatus,cocomac:459,caudate nucleus,UBERON:0001873,FMA:61833
Primary auditory cortex,cocomac:156,primary auditory cortex,UBERON:0034751,FMA:272953
Nucleus dorsomedialis hypothalami,cocomac:2169,dorsomedial nucleus of hypothalamus,UBERON:0001934,FMA:62331
nucleus ventralis posteromedialis thalami,cocomac:752,ventral posteromedial nucleus of thalamus,UBERON:0002945,FMA:62202
Nucleus tegmentalis anterior,cocomac:1694,ventral tegmental nucleus,UBERON:0002438,FMA:72435
Orbitofrontal cortex,cocomac:916,orbitofrontal cortex,UBERON:0004167,FMA:242003
Area septalis,cocomac:2096,septum of telencephalon,UBERON:0000446,FMA:61842
Infralimbic area,cocomac:1738,Infralimbic area,MBA:44,
"Putamen; caudal, lateral, dorsal",cocomac:1095,putamen,UBERON:0001874,FMA:61834
Ventral tegmental area,cocomac:937,ventral tegmental area,UBERON:0002691,FMA:72438
"Putamen; rostral, intermediate, dorsal",cocomac:975,putamen,UBERON:0001874,FMA:61834
Substantia nigra pars reticulata,cocomac:939,substantia nigra pars reticulata,UBERON:0001966,FMA:62908
Nucleus limitans thalami,cocomac:469,limitans nucleus,UBERON:0003026,FMA:62220
"Nucleus ventralis intermedius, thalami",cocomac:1403,oral part of ventral posterolateral nucleus,UBERON:0003019,FMA:62205
Nucleus posterior thalami,cocomac:234,posterior nucleus of thalamus,UBERON:0003030,FMA:62221
Nucleus of the optic tract,cocomac:226,nucleus of optic tract,UBERON:0002996,FMA:72403
extreme capsule,cocomac:1908,extreme capsule,UBERON:0014528,FMA:61960
Nucleus accumbens,cocomac:944,nucleus accumbens,UBERON:0001882,FMA:61889
Substantia nigra pars compacta,cocomac:938,substantia nigra pars compacta,UBERON:0001965,FMA:62907
"Nucleus caudatus; body, intermediate, ventral",cocomac:985,caudate nucleus,UBERON:0001873,FMA:61833
Olfactory tubercle,cocomac:838,olfactory tubercle,UBERON:0001883,
Nucleus accumbens septi,cocomac:2104,nucleus accumbens,UBERON:0001882,FMA:61889
Primary motor cortex,cocomac:699,primary motor cortex,UBERON:0001384,FMA:224854
Zona incerta,cocomac:756,zona incerta,UBERON:0001907,FMA:62038
Frontal operculum,cocomac:450,frontal operculum,UBERON:0002947,FMA:74886
paraventricular nucleus (thalamus),cocomac:773,paraventricular nucleus of thalamus,UBERON:0001920,FMA:62152
medial geniculate body,cocomac:715,medial geniculate body,UBERON:0001927,FMA:62211
Gustatory area,cocomac:273,agranular insular cortex,UBERON:0034893,
Nucleus habenularis lateralis,cocomac:1055,lateral habenular nucleus,UBERON:0001941,FMA:62372
Nucleus corticalis amygdalae,cocomac:2144,cortical amygdaloid nucleus,UBERON:0002891,FMA:61862
brachium of superior colliculus,cocomac:1202,brachium of superior colliculus,UBERON:0002580,FMA:72417
nucleus paraventricularis posterior thalami,cocomac:729,posterior paraventricular nucleus of thalamus,UBERON:0000433,FMA:76961
Nucleus ventralis posterior inferior thalami,cocomac:364,ventral posteroinferior nucleus,UBERON:0002939,FMA:62199
posterior hypothalamic area,cocomac:1965,posterior nucleus of hypothalamus,UBERON:0002706,FMA:62350
Nucleus pulvinaris thalami,cocomac:2082,pulvinar nucleus,UBERON:0002981,FMA:62178
Griseum periventriculare hypothalami,cocomac:2189,posterior periventricular nucleus,UBERON:0002708,FMA:62349
Basal nucleus of the amygdala,cocomac:2270,basal amygdaloid nucleus,UBERON:0002887,FMA:68855
Paraventricular nuclei of thalamus,cocomac:1342,paraventricular nucleus of thalamus,UBERON:0001920,FMA:62152
Nucleus of the posterior commissure,cocomac:228,nucleus of posterior commissure,UBERON:0002711,FMA:68463
lateral mamillary nucleus,cocomac:318,lateral mammillary nucleus,UBERON:0001938,FMA:62341
medial amygdaloid nucleus,cocomac:1437,medial amygdaloid nucleus,UBERON:0002892,FMA:74046
Cortical amygdaloid nucleus,cocomac:1368,cortical amygdaloid nucleus,UBERON:0002891,FMA:61862
Stratum zonale of the superior colliculus,cocomac:642,zonal layer of superior colliculus,UBERON:0006780,FMA:72406
Lateral pulvinar nucleus,cocomac:560,lateral pulvinar nucleus,UBERON:0002636,FMA:62181
Medial nucleus of the amygdala,cocomac:6,medial amygdaloid nucleus,UBERON:0002892,FMA:74046
"Nucleus caudatus; genu, lateral, ventral",cocomac:1137,caudate nucleus,UBERON:0001873,FMA:61833
Interpeduncular nucleus,cocomac:1943,interpeduncular nucleus,UBERON:0002145,FMA:72439
"Putamen; caudal, intermediate, central",cocomac:1091,putamen,UBERON:0001874,FMA:61834
nucleus centralis lateralis thalami,cocomac:758,central lateral nucleus,UBERON:0003036,FMA:62170
superior colliculus,cocomac:755,superior colliculus,UBERON:0001945,FMA:62403
dorsal hypothalamic area,cocomac:1973,dorsal hypothalamic area,UBERON:0002954,FMA:62339
Epiphysis,cocomac:2173,pineal body,UBERON:0001905,FMA:62033
nucleus paracentralis (thalamus),cocomac:930,paracentral nucleus,UBERON:0001924,FMA:62172
nucleus of the diagonal band of Broca,cocomac:1259,nucleus of diagonal band,UBERON:0001879,FMA:61882
Accessory basal amygdaloid nucleus,cocomac:1295,accessory basal amygdaloid nucleus,UBERON:0002885,FMA:61867
